{
  "config": {
    "abort": {
      "already_configured": "[%key:common::config_flow::abort::already_configured_device%]"
    },
    "error": {
      "cannot_connect": "[%key:common::config_flow::error::cannot_connect%]",
      "invalid_auth": "[%key:common::config_flow::error::invalid_host%]",
      "unknown": "[%key:common::config_flow::error::unknown%]"
    },
    "step": {
      "user": {
        "data": {
          "name": "[%key:common::config_flow::step::user::data::name%]",
          "inverter_host": "[%key:common::config_flow::step::user::data::inverter_host%]",
          "inverter_serial": "[%key:common::config_flow::step::user::data::inverter_serial%]",
          "inverter_port": "[%key:common::config_flow::step::user::data::inverter_port%]",
          "mb_slaveid": "[%key:common::config_flow::step::user::data::mb_slaveid%]",
          "lookup_file": "[%key:common::config_flow::step::user::data::lookup_file%]"
        }
      }
    }
  }
}
